{
  "version": 1,
  "author": "Smart Home Demo",
  "editor": "wokwi",
  "parts": [
    { "type": "wokwi-arduino-uno", "id": "uno", "top": -20, "left": -20, "attrs": {} },
    { "type": "wokwi-dht22", "id": "dht", "top": -66.9, "left": 388.2, "attrs": {} },
    { "type": "wokwi-photoresistor", "id": "ldr", "top": -60, "left": 300, "attrs": {} },
    {
      "type": "wokwi-resistor",
      "id": "r1",
      "top": 51.95,
      "left": 297.6,
      "attrs": { "value": "10k" }
    },
    { "type": "wokwi-relay-module", "id": "relay", "top": 134.6, "left": 307.2, "attrs": {} },
    { "type": "wokwi-servo", "id": "servo", "top": 200, "left": 400, "attrs": {} },
    { "type": "wokwi-pushbutton", "id": "btn", "top": 54.2, "left": 384, "attrs": {} }
  ],
  "connections": [
    [ "dht:VCC", "uno:5V", "red", [] ],
    [ "dht:GND", "uno:GND.1", "black", [] ],
    [ "dht:SDA", "uno:2", "green", [] ],
    [ "ldr:VCC", "uno:5V", "red", [] ],
    [ "ldr:GND", "r1:1", "black", [] ],
    [ "r1:2", "uno:GND.2", "black", [ "h27.6", "v113.9" ] ],
    [ "ldr:OUT", "uno:A0", "green", [] ],
    [ "relay:VCC", "uno:5V", "red", [] ],
    [ "relay:GND", "uno:GND.3", "black", [] ],
    [ "relay:IN", "uno:3", "green", [] ],
    [ "servo:V+", "uno:5V", "red", [] ],
    [ "servo:GND", "uno:GND.4", "black", [] ],
    [ "servo:PWM", "uno:5", "green", [] ],
    [ "btn:1.l", "uno:7", "green", [] ],
    [ "btn:2.l", "uno:GND.5", "black", [] ],
    [ "r1:1", "servo:GND", "green", [ "v0" ] ],
    [ "btn:1.r", "r1:1", "green", [ "v0" ] ]
  ],
  "dependencies": {}
}